#,Player,Team,GP,MPG,FGM,FGA,FG%,3PM,3PA,3P%,FTM,FTA,FT%,TOV,PF,ORB,DRB,RPG,APG,SPG,BPG,PPG,TS%,eFG%,"Total S %",ORB%,DRB%,TRB%,AST%,TOV%,STL%,BLK%,USG%,PPR,PPS,ORtg,DRtg,eDiff,FIC,PER,POS
2,"Johnny Dee",ARAB,34,28.7,5.5,12.1,.457,2.8,6.0,.473,2.1,2.4,.875,1.3,2.2,0.6,2.6,3.2,2.5,1.2,0.0,15.9,.607,.574,180.5,2.4,11.5,6.9,14.5,9.0,2.3,0.0,23.2,1.2,1.3,126.5,116.4,10.1,333.8,20.4,1
9,"Reggie Johnson",OUR,34,30.0,5.7,12.8,.443,1.4,4.4,.313,2.4,3.1,.776,2.8,2.7,0.6,1.9,2.4,3.0,1.5,0.0,15.2,.534,.497,153.2,2.3,7.5,4.9,20.3,16.6,2.9,0.1,27.5,-2.7,1.2,103.4,109.0,-5.6,227.6,15.6,0
5,"Alec Wintering",ARAB,34,31.7,5.4,12.0,.447,0.8,2.1,.371,3.5,5.0,.702,2.9,2.7,0.7,2.8,3.5,5.5,1.7,0.1,15.0,.529,.479,152.0,2.7,10.9,6.7,28.0,16.7,3.0,0.3,24.8,2.4,1.3,109.0,114.9,-5.9,340.1,17.7,0
3,"Volodymyr Herun",FCB,30,29.3,5.4,10.7,.500,0.0,0.5,.071,4.0,5.7,.703,1.2,1.1,2.8,5.1,7.9,1.6,0.5,0.9,14.8,.558,.502,127.5,11.2,19.8,15.6,11.1,8.5,0.9,2.6,23.3,-0.5,1.4,119.7,107.3,12.4,372.8,21.9,4
6,"Sergio De La Fuente",VAL,37,28.3,5.5,11.8,.465,1.1,3.3,.336,2.5,3.6,.689,1.7,2.4,2.1,4.7,6.8,0.7,1.2,0.1,14.6,.544,.511,148.9,9.4,20.4,15.0,5.3,11.4,2.5,0.5,26.4,-4.4,1.2,108.8,105.8,3.0,338.9,19.5,3
1,"Caleb Agada",PRA,42,25.0,5.3,12.0,.444,0.8,3.1,.252,3.0,4.6,.653,1.7,3.1,1.6,2.9,4.5,2.0,2.2,0.1,14.4,.515,.477,134.9,7.6,14.7,11.1,17.7,11.1,5.3,0.5,31.6,-1.8,1.2,107.5,92.8,14.7,357.1,23.3,1
3,"Henri Wade-Chatman",VAL,37,25.7,5.1,12.0,.427,1.3,3.8,.338,2.8,3.6,.788,2.2,2.4,0.5,1.8,2.3,2.9,1.2,0.0,14.3,.528,.480,155.3,2.6,8.7,5.7,23.0,13.8,2.7,0.1,30.2,-1.0,1.2,105.8,110.1,-4.3,242.5,18.0,0
4,"Warren Ward",CAC,20,26.7,5.0,11.4,.443,2.3,6.0,.380,1.8,2.0,.854,1.7,2.1,0.5,2.5,3.0,1.9,1.1,0.1,14.2,.575,.544,167.7,2.2,11.7,7.0,15.3,12.1,2.2,0.4,26.2,-1.6,1.2,108.8,111.0,-2.3,149.4,17.1,2
6,"Brano Dukanovic",FOR,34,26.3,4.6,11.3,.408,1.9,5.1,.374,2.9,3.3,.883,2.1,1.6,0.4,1.3,1.6,2.1,0.9,0.1,14.0,.550,.492,166.4,1.9,6.3,4.1,15.6,14.1,2.0,0.2,28.9,-2.7,1.2,106.5,115.7,-9.2,195.9,16.3,2
4,"Evan Yates",KRC,34,30.8,5.7,10.3,.556,0.1,0.3,.300,2.2,4.2,.531,2.5,2.5,3.6,4.9,8.5,2.8,0.9,0.4,13.8,.567,.560,138.7,13.8,21.9,17.5,17.8,16.9,1.6,1.2,22.5,-1.9,1.3,112.3,109.9,2.4,409.1,20.5,3
5,"Kevin Van Wijk",MAG,33,29.6,4.9,10.6,.460,1.4,4.5,.313,2.6,3.6,.737,1.6,2.2,1.2,4.8,6.0,1.2,1.9,0.2,13.8,.566,.526,151.0,4.8,21.7,12.8,8.5,11.7,3.8,0.9,23.5,-2.7,1.3,109.9,102.7,7.2,330.0,19.6,3
1,"Oliver Arteaga",OCB,30,23.2,5.0,7.9,.637,0.0,0.0,.000,3.6,4.7,.764,2.1,1.6,2.0,4.9,6.9,1.1,0.5,0.7,13.6,.685,.637,140.1,11.1,26.1,18.7,9.7,17.4,1.3,3.0,26.0,-6.1,1.7,122.4,105.1,17.3,330.8,26.8,4
2,"Jarred Ogungbemi-Jackson",FOR,34,29.4,4.8,10.9,.438,1.9,4.0,.481,2.0,2.3,.859,1.6,1.9,0.7,3.4,4.1,3.1,0.9,0.2,13.5,.564,.526,177.9,3.3,15.2,9.3,20.3,11.9,1.9,0.7,23.6,1.6,1.2,115.2,112.6,2.5,319.8,18.5,0
6,"Nikola Rakocevic",CAC,29,26.3,4.5,10.6,.422,1.8,5.4,.333,2.7,3.1,.876,1.6,2.2,0.4,2.2,2.6,1.9,0.9,0.1,13.4,.562,.506,163.2,2.2,9.9,6.2,14.6,11.9,1.8,0.3,25.9,-1.3,1.3,109.3,112.3,-3.0,190.4,15.9,1
1,"Zach Monaghan",LBC,33,26.1,4.5,10.5,.425,2.4,5.9,.403,2.0,2.6,.747,2.5,2.7,0.4,1.7,2.1,5.0,1.2,0.3,13.3,.570,.539,157.5,1.9,8.4,5.1,37.3,17.6,2.6,1.2,26.6,3.3,1.3,110.1,108.6,1.5,291.1,18.7,0
1,"Jordi Trias",MAN,47,27.2,5.2,9.5,.553,0.0,0.1,.400,2.6,3.7,.697,2.0,1.8,2.2,5.9,8.1,3.6,0.7,1.1,13.1,.590,.555,165.0,10.1,26.3,18.3,24.6,15.0,1.5,4.2,23.2,1.5,1.4,119.6,100.4,19.3,644.9,24.7,3
1,"Kedar Edwards",ARAB,34,26.2,5.6,10.4,.537,0.2,0.9,.276,1.7,2.7,.634,1.3,2.1,2.9,2.9,5.8,1.7,1.6,0.5,13.1,.566,.548,144.7,13.7,13.7,13.7,11.3,10.3,3.3,1.8,22.7,-0.7,1.3,120.4,112.4,8.0,366.6,23.0,2
3,"Carles Bivia",PAE,34,29.2,4.6,9.7,.474,2.1,5.2,.403,1.5,1.8,.806,2.1,2.7,0.7,2.7,3.4,3.1,1.3,0.2,12.7,.608,.582,168.4,3.1,11.7,7.5,19.9,16.6,2.6,0.9,22.8,-0.2,1.3,113.9,114.1,-0.2,291.8,18.3,1
7,"Aleix Font",FCB,33,26.2,4.2,9.8,.432,1.9,4.8,.405,2.1,2.5,.819,2.2,2.8,0.9,3.0,3.9,1.8,1.4,0.0,12.4,.572,.531,165.6,4.1,13.0,8.5,12.9,16.9,2.9,0.0,23.2,-3.7,1.3,106.0,107.5,-1.4,226.9,15.3,1
3,"Jordi Grimau",PAL,40,25.7,4.1,9.1,.453,1.1,3.5,.321,2.8,3.1,.880,1.6,2.0,0.8,2.4,3.1,2.3,0.7,0.0,12.1,.579,.515,165.4,3.6,11.3,7.4,17.1,13.5,1.6,0.0,23.6,-0.3,1.3,113.7,108.3,5.4,283.4,17.5,2
4,"Fran Guerra",MEL,48,25.6,5.0,7.7,.644,0.0,0.3,.154,1.7,2.8,.607,2.5,3.0,2.1,4.5,6.7,2.8,0.8,0.3,11.7,.653,.647,140.5,10.8,20.1,15.7,21.9,22.1,1.9,1.1,23.1,-2.8,1.5,114.5,101.5,13.1,490.1,21.4,4
13,"Greg Gantt",VAL,37,25.9,4.3,9.2,.465,1.9,4.4,.444,1.2,1.4,.849,1.0,2.3,0.5,1.6,2.1,0.5,0.5,0.1,11.7,.596,.571,175.8,2.7,7.5,5.1,3.6,9.5,1.0,0.5,20.7,-2.7,1.3,116.5,113.9,2.6,180.6,14.2,1
2,"Daniel Trist",OUR,34,23.6,4.1,8.2,.507,0.7,2.0,.338,2.7,3.4,.807,1.6,2.0,1.9,3.3,5.3,1.0,0.2,0.1,11.7,.605,.549,165.2,10.1,17.1,13.6,8.1,13.9,0.6,0.4,23.0,-3.9,1.4,118.6,110.4,8.3,254.0,18.9,2
4,"Salva Arco",BRE,34,24.5,4.0,8.0,.502,1.9,4.0,.467,1.7,2.0,.826,1.4,2.2,0.4,2.1,2.5,2.2,0.8,0.1,11.6,.652,.620,179.5,2.0,10.4,6.4,13.9,13.2,1.8,0.2,19.6,0.4,1.5,125.4,106.8,18.5,250.4,17.5,1
17,"Tre' Coggins",KRC,33,26.3,4.0,10.7,.370,1.9,5.6,.344,1.5,1.7,.891,1.5,2.5,0.7,2.2,2.8,1.5,1.4,0.0,11.4,.496,.460,160.5,3.0,11.3,6.8,10.1,11.7,2.9,0.1,23.4,-2.0,1.1,103.7,111.1,-7.4,167.1,12.9,1
20,"Dmitry Flis",LBC,39,23.7,4.4,10.2,.430,1.5,3.9,.391,1.1,1.6,.641,1.4,2.8,1.1,2.6,3.7,1.1,0.7,0.5,11.3,.519,.504,146.1,5.7,14.1,9.8,9.3,11.6,1.7,2.2,25.7,-3.0,1.1,100.2,107.9,-7.7,218.2,14.4,3
5,"Diego Kapelan",MEL,48,20.9,3.9,8.8,.440,2.4,5.5,.426,1.2,1.8,.690,0.9,1.5,0.3,1.6,1.9,1.1,0.3,0.0,11.3,.592,.575,155.7,1.9,8.6,5.5,10.4,8.4,0.9,0.2,25.7,-0.8,1.3,115.5,109.3,6.2,257.5,17.4,1
9,"Gabriel Lundberg",MAN,46,27.5,4.0,9.0,.448,1.0,3.4,.301,2.1,3.2,.655,1.3,2.0,0.9,2.3,3.2,2.0,1.0,0.0,11.1,.537,.505,140.4,4.2,10.3,7.3,12.6,10.8,2.1,0.1,20.5,0.3,1.2,111.9,107.5,4.4,306.6,14.8,1
15,"Rafa Huertas",PAE,32,27.3,4.0,9.4,.425,1.5,4.1,.364,1.6,2.0,.812,1.5,1.7,0.3,1.1,1.4,1.8,0.7,0.1,11.1,.541,.505,160.1,1.3,5.2,3.3,12.1,12.5,1.6,0.5,22.6,-1.1,1.2,105.5,119.2,-13.7,152.0,13.2,1
15,"Sergio Rodriguez Febles",MAG,34,25.7,3.9,9.5,.416,1.4,3.9,.366,1.7,2.4,.738,1.9,1.9,0.8,3.0,3.9,1.2,0.6,0.2,11.1,.526,.492,151.9,3.9,15.8,9.5,9.5,15.2,1.4,1.0,24.3,-4.3,1.2,98.6,109.8,-11.2,183.8,13.0,2
10,"Josep Perez",PRA,42,28.4,3.7,9.3,.399,2.1,6.0,.347,1.5,2.0,.783,1.6,1.6,0.7,2.3,3.0,3.1,0.9,0.0,11.0,.543,.510,152.9,3.0,10.1,6.5,20.5,13.7,2.0,0.1,20.9,1.6,1.2,112.5,102.2,10.3,307.4,15.3,0
16,"Rolandas Jakstas",CAC,28,23.6,4.5,8.7,.512,0.2,0.7,.300,1.6,2.4,.662,2.5,2.8,1.9,3.2,5.1,1.4,0.9,0.5,10.8,.549,.525,147.4,10.4,17.1,13.8,12.0,20.6,2.2,2.0,25.9,-6.8,1.2,97.8,110.2,-12.4,180.2,15.4,3
10,"Nikola Cvetinovic",PAL,42,22.8,4.0,8.1,.494,0.7,2.1,.344,1.6,2.5,.657,0.8,2.3,1.4,2.3,3.7,0.8,0.7,0.0,10.4,.564,.539,149.6,7.3,12.6,9.9,7.2,8.3,1.8,0.1,22.1,-1.2,1.3,115.5,107.7,7.9,257.1,17.6,3
16,"Alfredo Ott",CAS,38,25.6,3.7,9.4,.396,1.6,4.6,.353,1.3,1.7,.810,1.6,1.9,0.7,1.8,2.5,2.1,1.3,0.2,10.4,.512,.481,155.8,3.3,7.9,5.6,14.9,13.4,2.8,0.7,21.6,-0.6,1.1,102.5,106.9,-4.4,223.1,13.2,1
7,"Kyle Rowley",CAS,37,21.9,4.1,8.0,.505,0.0,0.2,.167,2.3,3.2,.700,1.6,2.3,2.9,4.8,7.6,0.8,0.6,0.4,10.4,.550,.507,137.2,14.9,24.8,19.9,6.6,14.6,1.4,1.6,23.8,-4.9,1.3,108.3,103.4,5.0,315.0,19.2,4
2,"Matt Stainbrook",BRE,33,22.0,4.2,6.6,.635,0.0,0.0,.000,1.9,2.3,.829,1.2,1.8,1.8,4.1,5.9,2.4,1.2,0.5,10.3,.675,.635,146.4,10.9,22.6,17.0,17.8,14.0,2.9,2.4,19.0,1.6,1.6,134.3,98.7,35.5,374.8,25.7,4
8,"Urko Otegui",PAL,38,24.1,3.4,7.8,.433,0.0,0.2,.000,3.5,4.4,.802,1.5,2.1,1.3,4.4,5.7,1.8,1.1,0.3,10.3,.528,.433,123.5,6.3,22.7,14.3,13.8,13.3,2.6,1.4,23.3,-1.3,1.3,107.6,102.1,5.5,307.6,18.6,3
7,"Marc Blanch",PRA,36,24.1,3.4,8.2,.410,1.2,3.8,.331,2.3,2.7,.875,1.4,1.2,0.4,1.6,2.0,1.6,1.2,0.0,10.3,.550,.486,161.6,2.2,8.0,5.0,13.0,13.4,2.9,0.1,22.5,-1.6,1.3,109.7,99.3,10.4,199.8,15.8,2
12,"Mirza Bulic",ISB,33,23.4,4.0,7.9,.502,0.5,1.5,.354,1.8,2.1,.843,1.5,2.3,1.4,3.5,4.9,0.7,0.8,0.3,10.2,.579,.534,169.9,7.6,19.9,13.5,5.9,14.6,2.0,1.2,22.4,-4.6,1.3,108.8,109.2,-0.4,220.0,17.3,3
2,"Emanuel Cate",PRA,38,26.8,4.0,6.4,.626,0.1,0.2,.333,2.2,3.2,.692,1.3,1.8,3.1,5.5,8.6,0.8,0.6,1.6,10.2,.658,.630,165.1,14.0,26.2,19.9,6.1,14.0,1.2,5.6,17.1,-2.8,1.6,129.0,94.8,34.2,464.8,24.0,3
21,"Nemanja Mitrovic",ARAB,31,23.6,4.0,9.8,.403,1.8,4.8,.378,0.5,0.5,.938,1.0,0.9,0.4,1.5,1.9,0.9,0.4,0.0,10.2,.508,.495,171.9,2.0,7.8,4.9,6.0,9.0,0.9,0.0,21.7,-1.7,1.0,105.5,121.5,-16.0,122.8,11.3,2
13,"Gediminas Zyle",PAE,34,22.9,4.1,7.8,.521,0.4,1.0,.441,1.6,2.2,.733,1.5,2.2,0.9,3.4,4.3,0.8,0.4,0.3,10.2,.581,.549,169.5,5.2,18.7,12.1,6.6,14.4,1.0,1.3,23.6,-4.4,1.3,107.2,115.1,-7.9,195.6,16.3,4
3,"Eduard Gatell",CAS,29,20.3,4.3,7.4,.574,0.2,0.4,.455,1.4,2.1,.672,1.3,2.6,2.1,4.4,6.5,0.9,0.6,1.0,10.1,.605,.586,170.1,11.8,24.9,18.3,8.4,13.2,1.7,5.0,22.3,-3.3,1.4,116.0,100.6,15.4,264.1,22.3,3
17,"Roopi Ahonen",OUR,31,25.1,3.5,8.2,.424,1.9,5.3,.356,1.3,1.7,.769,1.9,1.7,0.2,1.7,2.0,2.1,0.9,0.1,10.1,.565,.537,154.9,1.1,8.4,4.7,15.3,17.3,2.0,0.3,20.7,-2.0,1.2,106.8,110.3,-3.5,158.8,12.8,0
12,"Nedim Dedovic",FCB,31,22.0,3.5,8.1,.425,1.5,4.4,.336,1.7,2.1,.788,0.9,1.6,0.7,1.9,2.6,0.4,0.4,0.2,10.1,.555,.516,154.8,3.7,9.7,6.7,3.6,9.1,1.0,0.9,21.1,-2.7,1.2,111.1,112.4,-1.3,143.2,13.5,2
14,"Dani Rodriguez",MEL,48,25.0,3.7,9.2,.400,0.6,2.4,.272,2.0,2.5,.810,1.7,1.2,0.1,2.0,2.1,3.4,0.7,0.0,10.1,.487,.435,148.1,0.5,9.2,5.1,25.4,14.0,1.6,0.1,24.8,2.4,1.1,101.1,107.8,-6.7,271.6,13.2,0
20,"Trevor Cooney",LBC,38,25.8,3.5,8.7,.403,2.0,5.2,.393,0.9,1.1,.875,0.8,1.4,0.2,1.6,1.8,1.1,1.0,0.1,9.9,.544,.520,167.1,1.0,8.0,4.4,7.6,7.7,2.2,0.3,19.0,-0.2,1.1,107.8,110.3,-2.5,193.5,12.4,1
11,"Luis Parejo",CAC,31,26.8,3.2,7.9,.406,2.1,5.5,.376,1.4,1.5,.875,1.0,1.5,0.7,2.8,3.5,1.8,1.2,0.1,9.8,.573,.537,165.7,3.4,12.9,8.2,12.1,10.8,2.5,0.3,17.8,0.6,1.2,115.3,111.3,3.9,226.5,14.6,1
8,"Ricardo Uriz",BRE,34,21.6,3.4,8.5,.396,1.8,4.8,.380,1.2,1.6,.732,1.9,1.3,0.4,1.6,2.0,3.7,1.3,0.0,9.7,.529,.503,150.8,2.2,9.1,5.8,26.1,17.0,3.3,0.1,24.2,2.5,1.1,107.9,103.6,4.4,231.2,16.2,0
8,"Johan Lofberg",BRE,32,21.3,3.5,7.8,.444,0.9,2.3,.378,1.8,2.1,.879,1.3,3.1,0.6,2.5,3.2,1.2,1.2,0.6,9.6,.552,.500,170.1,3.9,14.3,9.3,8.4,13.1,3.0,2.9,22.1,-2.4,1.2,109.1,101.0,8.1,178.0,15.8,2
19,"Joe De Ciman",ISB,31,25.3,3.3,7.8,.420,1.4,4.2,.338,1.4,1.7,.778,1.1,2.3,0.4,2.6,3.0,1.5,0.5,0.4,9.4,.544,.510,153.6,1.8,13.7,7.6,11.2,11.6,1.3,1.5,19.6,-0.6,1.2,107.4,112.2,-4.8,165.0,12.8,1
9,"Alvaro Munoz",MAN,46,24.2,3.1,7.8,.401,1.9,5.3,.362,1.2,1.7,.701,0.6,1.9,0.8,2.1,2.9,1.2,0.8,0.2,9.3,.547,.524,146.5,4.1,10.7,7.5,8.5,6.9,1.8,0.8,18.3,0.7,1.2,118.5,107.8,10.7,266.9,14.2,2
5,"Sergio Olmos",LBC,38,16.8,3.3,6.1,.541,0.0,0.0,.000,2.7,3.4,.777,1.1,3.0,1.3,2.0,3.4,0.8,0.6,0.5,9.3,.608,.541,131.8,9.7,15.2,12.4,10.5,12.6,2.0,3.0,25.5,-3.2,1.5,117.4,106.1,11.3,212.2,21.4,4
10,"Victor Serrano",ISB,33,19.8,3.6,6.7,.532,0.0,0.0,.000,1.8,2.7,.670,1.4,2.2,2.0,2.9,4.9,0.7,0.3,0.3,8.9,.566,.532,120.2,12.3,19.7,15.9,7.3,14.7,0.9,1.7,23.7,-4.7,1.3,108.9,111.8,-2.9,194.8,17.8,4
18,"Rokas Uzas",OUR,26,23.9,3.4,9.1,.373,1.4,5.2,.276,0.7,1.0,.760,1.5,1.8,1.4,2.3,3.7,1.6,0.8,0.2,8.9,.470,.451,140.9,7.0,11.6,9.3,12.3,13.6,1.9,0.8,22.2,-1.9,1.0,99.7,108.3,-8.6,130.6,12.2,2
11,"Romaric Belemene",OCB,39,23.4,3.4,8.5,.400,1.3,4.0,.314,0.9,1.9,.479,1.0,2.7,1.3,3.2,4.5,0.8,0.8,0.8,8.9,.481,.474,119.4,6.9,16.8,11.9,6.1,9.5,2.1,3.4,21.9,-2.0,1.1,100.3,104.9,-4.5,220.1,13.8,2
24,"Roger Fornas",PAE,29,22.7,3.1,8.3,.379,1.9,5.3,.364,0.6,0.8,.783,0.9,2.2,0.7,3.6,4.3,1.0,0.6,0.2,8.8,.512,.496,152.5,4.2,20.7,12.5,8.1,9.7,1.6,1.2,22.3,-1.2,1.1,102.9,112.4,-9.6,161.6,13.8,3
4,"Fran Cardenas",OCB,14,24.6,2.6,5.7,.450,1.1,2.1,.552,2.5,3.4,.745,1.6,1.6,0.6,2.1,2.7,4.1,1.2,0.1,8.8,.611,.550,174.6,3.3,10.2,6.8,28.1,17.9,2.9,0.3,17.7,4.9,1.5,123.2,108.8,14.4,118.6,17.9,0
18,"Davis Geks",OCB,39,25.5,2.8,6.2,.449,1.7,4.1,.430,1.4,1.8,.786,0.5,2.4,0.6,1.3,1.9,1.1,0.5,0.0,8.7,.623,.588,166.5,2.8,6.5,4.7,7.3,6.8,1.1,0.1,14.8,0.8,1.4,129.2,112.7,16.5,189.5,12.9,1
8,"Mamadou Samb",MEL,48,21.9,3.2,6.5,.502,1.1,2.6,.411,1.1,1.6,.733,1.1,2.8,1.2,4.1,5.3,1.0,0.6,0.8,8.7,.608,.584,164.6,7.4,21.0,14.7,8.3,12.9,1.6,3.4,19.3,-1.9,1.3,116.7,100.4,16.2,356.4,18.1,4
7,"Leonardo Demetrio",BRE,34,20.5,3.6,6.8,.535,0.2,0.7,.304,1.3,1.9,.652,0.8,1.3,2.2,3.4,5.6,0.6,0.4,0.4,8.7,.571,.550,149.1,14.3,20.1,17.3,5.0,9.8,1.0,2.3,19.5,-1.8,1.3,120.7,103.6,17.1,259.5,18.7,3
8,"Bryce Pressley",PAL,40,23.3,3.1,7.7,.403,0.6,2.0,.293,1.8,2.4,.777,0.9,1.9,0.7,2.6,3.3,2.2,0.8,0.4,8.6,.494,.442,147.2,3.6,13.9,8.6,17.3,9.6,2.0,1.8,20.6,2.4,1.1,107.2,105.5,1.6,248.0,15.1,1
15,"Arnaud Moto",KRC,31,21.1,3.0,6.8,.445,0.5,1.7,.288,2.0,2.4,.851,1.6,2.6,1.7,3.2,4.8,1.0,1.1,0.3,8.6,.546,.481,158.5,9.4,21.1,14.8,8.6,17.3,3.0,1.3,21.4,-4.6,1.3,106.7,107.5,-0.9,188.5,16.5,3
9,"Mouhamed Barro",OCB,38,20.7,3.4,6.0,.568,0.0,0.1,.000,1.7,3.4,.516,1.3,3.2,2.2,4.2,6.4,0.5,0.9,0.2,8.6,.571,.568,108.3,13.7,25.0,19.4,4.4,14.9,2.5,1.1,21.4,-4.9,1.4,109.8,102.0,7.8,259.8,18.6,3
14,"Guille Rubio",BRE,30,21.2,2.8,5.4,.515,0.2,0.7,.333,2.7,3.1,.872,1.3,2.2,1.3,3.0,4.3,1.6,0.6,0.0,8.6,.629,.537,172.1,8.0,16.9,12.6,11.6,16.4,1.5,0.0,18.1,-1.1,1.6,123.3,104.7,18.5,199.0,16.9,3
20,"Jonathan Gilling",LBC,37,24.8,2.8,7.2,.390,1.3,3.6,.348,1.6,2.1,.772,1.4,2.6,1.4,3.4,4.7,1.4,0.5,0.1,8.5,.524,.478,151.0,6.8,17.2,11.9,10.1,14.9,1.2,0.5,19.0,-2.0,1.2,103.5,108.6,-5.1,206.1,11.7,2
19,"Ashley Hamilton",MAN,47,19.8,2.9,7.1,.416,0.9,2.4,.383,1.6,2.1,.765,1.2,2.4,1.1,2.7,3.8,0.7,0.8,0.4,8.4,.526,.482,156.4,6.8,16.7,11.8,5.8,13.2,2.4,1.9,22.5,-3.9,1.2,105.2,103.0,2.2,229.8,14.7,3
11,"Christian Diaz",BRE,33,19.9,3.0,7.0,.431,1.4,3.5,.393,0.9,1.2,.750,1.6,2.2,0.2,2.1,2.2,2.8,1.2,0.0,8.4,.553,.530,157.4,1.0,12.5,7.1,21.7,17.5,3.5,0.0,21.8,1.3,1.2,108.4,101.7,6.6,187.0,15.2,0
18,"Arnas Velicka",FCB,9,19.5,2.7,7.0,.381,1.1,4.3,.256,1.9,2.6,.739,2.2,0.8,0.1,1.8,1.9,2.9,0.7,0.0,8.3,.513,.460,137.6,0.6,10.1,5.2,30.1,21.5,1.9,0.0,24.3,-1.5,1.2,95.5,108.0,-12.5,40.6,11.9,0
26,"Federico Ucles",ARAB,34,26.6,2.9,6.5,.445,1.0,2.7,.374,1.5,2.0,.754,0.9,2.4,1.5,3.9,5.4,0.9,0.9,0.4,8.3,.563,.523,157.3,6.7,18.4,12.5,4.9,10.7,1.8,1.3,14.3,-1.1,1.3,119.0,114.6,4.4,242.4,13.6,3
26,"Victor Perez",OCB,39,25.3,2.6,7.0,.377,1.4,4.6,.307,1.6,1.9,.803,1.7,1.7,0.2,1.7,1.9,2.3,0.6,0.0,8.3,.525,.478,148.7,1.0,8.3,4.7,15.4,18.2,1.4,0.1,19.0,-1.0,1.2,100.6,111.4,-10.8,157.2,9.7,1
17,"Sergi Pino",PAL,41,23.2,3.2,8.1,.395,1.1,3.5,.317,0.7,0.9,.778,1.1,1.6,0.6,2.7,3.2,1.4,1.0,0.1,8.2,.482,.463,149.0,3.0,14.2,8.4,10.8,11.2,2.5,0.4,20.7,-0.7,1.0,98.3,105.4,-7.2,203.8,12.3,2
19,"Aegir Steinarsson",CAS,38,23.7,3.0,7.3,.414,0.8,2.6,.323,1.3,1.8,.714,1.8,1.8,0.4,1.9,2.4,3.3,0.9,0.0,8.2,.505,.471,145.1,2.2,9.3,5.8,24.2,18.5,2.0,0.1,19.8,1.5,1.1,100.1,108.5,-8.4,205.2,11.6,0
15,"Lluis Costa",MAN,47,23.9,2.9,7.1,.401,1.1,3.6,.323,1.3,1.6,.824,2.0,1.9,0.2,1.6,1.8,3.7,1.3,0.0,8.1,.522,.482,154.9,0.9,8.3,4.7,25.7,20.4,3.1,0.1,19.8,2.0,1.1,103.4,105.7,-2.3,269.0,13.0,0
12,"Eduardo Hernandez-Sonseca",LBC,38,20.7,3.1,6.1,.500,0.2,0.6,.375,1.8,2.1,.861,1.1,2.3,1.6,4.3,5.9,0.6,0.3,0.6,8.1,.579,.519,173.6,9.5,26.2,17.7,5.6,13.6,0.9,3.0,19.4,-3.4,1.3,112.3,105.5,6.8,263.1,16.8,4
6,"Papa Mbaye",FOR,29,20.5,3.4,5.7,.600,0.0,0.0,1.000,1.2,1.9,.625,1.0,1.9,1.5,3.0,4.4,0.9,0.8,1.0,8.1,.617,.603,222.5,9.3,18.7,14.0,8.7,13.7,2.2,5.2,18.6,-2.1,1.4,119.0,106.5,12.5,218.8,20.4,4
9,"Jonathan Araujo",ARAB,32,19.6,3.3,6.5,.512,0.3,0.7,.409,1.1,1.5,.714,1.2,3.2,2.3,4.1,6.5,0.4,0.4,0.8,8.1,.560,.533,163.5,14.6,26.3,20.4,3.4,14.8,1.0,4.2,20.0,-4.8,1.2,112.4,112.6,-0.2,217.9,17.9,4
10,"Pablo Almazan",MEL,46,24.5,3.0,7.0,.421,1.0,3.3,.313,1.1,1.8,.590,1.2,1.6,1.0,3.7,4.7,2.0,1.0,0.1,8.0,.512,.494,132.5,5.1,17.1,11.5,14.5,13.1,2.4,0.3,18.8,0.7,1.1,105.7,102.4,3.2,319.1,14.2,2
25,"Alberto Ruiz de Galarreta",ISB,34,20.8,2.7,8.0,.335,1.5,4.6,.316,1.2,1.4,.833,0.9,0.9,0.3,2.3,2.6,0.6,0.4,0.0,8.0,.464,.426,148.4,1.9,14.8,8.2,5.7,9.3,1.1,0.1,23.2,-2.3,1.0,94.2,113.9,-19.6,110.2,9.8,2
23,"Sergio Perez",CAC,32,23.4,2.5,5.4,.465,1.6,3.7,.436,1.4,1.6,.900,0.9,1.1,0.6,2.4,3.0,1.1,0.5,0.1,8.0,.660,.613,180.1,3.1,13.0,8.1,8.6,12.6,1.1,0.4,14.8,-0.5,1.5,124.3,115.1,9.2,192.5,13.9,3
13,"Fabio Santana",OCB,39,25.5,3.1,6.7,.465,0.7,2.2,.322,1.0,1.5,.672,1.7,1.4,0.4,1.7,2.1,4.0,1.2,0.2,7.9,.541,.519,146.0,2.2,8.2,5.2,27.7,19.0,2.8,0.6,17.7,3.7,1.2,109.0,108.3,0.7,272.2,14.5,0
11,"Atoumane Diagne",FCB,33,22.1,3.3,6.0,.548,0.0,0.0,.000,1.3,2.2,.589,1.5,3.4,2.8,4.8,7.6,0.5,0.7,1.3,7.9,.565,.548,113.7,14.3,25.0,19.6,4.1,17.5,1.7,5.1,17.9,-5.0,1.3,107.6,102.5,5.0,272.9,17.5,3
13,"Marc Marti",FOR,34,20.1,3.0,6.3,.481,0.4,1.5,.250,1.4,2.1,.671,0.7,2.9,1.6,2.6,4.2,0.9,0.6,0.4,7.9,.544,.512,140.3,10.8,16.9,13.8,8.2,8.9,1.6,2.3,20.2,-0.6,1.3,116.4,111.5,4.9,193.1,17.2,3
16,"Erik Quintela",KRC,34,27.6,2.9,7.2,.410,1.0,3.2,.321,0.9,1.3,.727,2.0,3.2,1.0,2.1,3.1,2.9,2.5,0.0,7.9,.507,.482,145.8,4.3,10.8,7.3,18.1,20.8,5.0,0.1,16.8,-0.2,1.1,100.9,105.8,-4.9,217.2,12.9,0
18,"Robertas Grabauskas",CAC,34,19.7,2.7,5.2,.523,0.0,0.0,.000,2.4,3.4,.728,1.5,2.9,1.4,3.5,5.0,0.3,0.1,0.1,7.9,.590,.523,125.1,9.5,22.4,16.1,3.1,18.4,0.2,0.8,20.7,-6.5,1.5,106.3,113.5,-7.2,149.8,12.9,4
14,"Mikel Motos",MAG,33,23.1,2.6,7.1,.368,0.8,2.9,.258,1.8,2.2,.822,1.4,2.4,0.7,1.9,2.6,2.4,1.2,0.4,7.8,.483,.421,144.7,3.7,11.3,7.3,19.4,15.0,3.1,1.7,20.8,0.8,1.1,99.9,106.6,-6.7,170.6,13.2,1
21,"Noah Allen",MAN,47,20.6,3.1,6.6,.471,0.5,2.2,.245,0.9,1.1,.755,1.1,2.1,1.2,2.5,3.6,0.9,0.9,0.2,7.6,.535,.511,147.1,7.1,14.5,10.9,7.9,13.2,2.5,1.0,19.2,-2.2,1.2,107.6,104.2,3.4,241.6,14.4,3
14,"Miguel Feliu",FOR,34,22.4,2.6,6.4,.406,1.1,3.3,.345,1.3,1.7,.754,1.1,1.5,0.8,3.1,3.9,1.0,0.6,0.3,7.6,.533,.495,150.5,4.5,18.3,11.4,8.1,13.3,1.6,1.4,18.7,-1.8,1.2,106.1,111.8,-5.8,183.4,13.1,2
5,"Joan Tomas",PAE,29,21.2,2.8,5.8,.491,1.2,2.8,.444,0.7,1.0,.667,0.7,1.4,0.8,3.1,3.9,0.9,0.6,0.1,7.6,.610,.599,160.2,4.7,18.4,11.7,7.7,9.5,1.6,0.5,17.1,-0.3,1.3,121.1,114.1,7.0,178.0,16.3,2
21,"Ben Mockford",PAE,33,19.4,2.5,6.4,.400,1.7,4.6,.371,0.8,0.9,.839,0.8,1.3,0.2,0.8,0.9,1.1,0.4,0.0,7.6,.559,.533,161.0,1.0,5.0,3.0,10.0,10.4,1.1,0.0,20.6,-0.4,1.2,109.8,119.7,-10.0,103.6,12.2,1
23,"Gaizka Maiza",ISB,30,22.9,2.5,5.9,.416,1.4,3.5,.394,1.3,1.8,.717,2.2,1.7,0.2,1.3,1.5,3.0,0.4,0.0,7.6,.564,.531,152.7,1.3,7.5,4.3,24.4,24.7,0.9,0.1,19.8,-0.8,1.3,100.3,115.4,-15.1,121.9,10.1,0
28,"Pol Figueras",FCB,34,29.4,2.6,8.1,.316,1.2,3.9,.305,1.1,1.3,.837,2.7,2.4,0.5,1.7,2.2,5.2,1.1,0.0,7.4,.425,.389,145.9,2.1,6.7,4.4,29.6,24.0,2.1,0.1,18.1,2.3,0.9,89.1,111.9,-22.8,171.1,7.6,0
28,"Tautvydas Sabonis",CAS,38,22.4,2.9,7.2,.396,0.7,2.4,.283,0.9,1.3,.694,1.8,2.1,1.8,4.3,6.1,2.3,0.6,0.1,7.3,.469,.444,137.3,9.1,21.6,15.4,17.5,19.1,1.6,0.6,20.2,-1.4,1.0,95.5,104.6,-9.1,247.9,12.2,3
27,"Roma Bas",CAS,38,23.7,2.7,6.7,.407,1.3,3.6,.356,0.6,0.8,.828,0.8,1.6,0.2,1.1,1.2,1.1,0.7,0.0,7.3,.523,.502,159.0,0.8,5.0,2.9,7.9,10.1,1.7,0.0,15.4,-0.2,1.1,104.7,111.1,-6.3,121.9,8.8,2
23,"Eduardo Duran",MEL,47,20.7,2.5,5.9,.419,1.6,3.8,.421,0.7,0.8,.895,0.8,1.9,0.1,1.4,1.6,1.0,0.4,0.0,7.3,.580,.554,173.5,0.9,7.9,4.7,8.4,11.7,1.3,0.0,17.7,-0.9,1.2,110.6,109.1,1.5,161.5,11.1,1
17,"Adam Pechacek",ARAB,30,17.9,3.0,6.2,.481,0.1,0.7,.150,1.2,1.6,.729,0.6,2.2,1.4,2.4,3.8,0.4,0.3,0.5,7.3,.524,.489,136.0,9.4,16.8,13.0,3.9,8.0,0.8,2.5,19.4,-1.7,1.2,113.8,117.8,-4.0,138.8,15.0,3
22,"Sergi Martinez",FCB,34,25.5,2.9,7.0,.420,0.3,1.4,.208,1.1,2.1,.514,1.2,1.2,1.6,3.6,5.2,1.1,1.1,0.0,7.3,.458,.441,114.2,7.2,16.1,11.7,7.3,12.9,2.3,0.1,16.7,-1.8,1.0,96.1,107.9,-11.9,202.0,11.0,2
11,"Albert Fontet",MAG,33,23.9,3.0,5.6,.527,0.0,0.1,.500,1.3,2.0,.627,1.3,2.5,2.8,3.0,5.8,1.3,0.9,1.3,7.2,.555,.530,165.4,14.4,16.8,15.5,10.2,17.0,2.1,5.7,16.6,-2.1,1.3,111.9,104.8,7.1,271.1,17.7,4
6,"Oscar Alvarado",VAL,35,26.0,1.9,4.7,.406,1.0,2.8,.367,2.0,2.3,.887,1.8,1.1,0.2,2.9,3.1,6.0,1.5,0.0,6.9,.602,.515,166.1,1.0,13.6,7.4,37.8,24.2,3.2,0.0,14.4,8.5,1.5,121.9,108.2,13.7,348.8,17.4,0
27,"Olajide Keshinro",CAC,34,19.8,2.9,5.4,.533,0.0,0.0,.000,1.2,1.8,.645,1.6,2.6,1.6,2.4,4.0,0.5,0.4,0.8,6.9,.559,.533,117.8,10.6,14.9,12.8,4.6,20.5,1.0,4.2,19.6,-6.4,1.3,99.3,112.3,-13.0,146.8,12.4,3
25,"Alex Campbell",PRA,41,21.0,2.6,6.5,.393,1.0,3.2,.315,0.8,1.0,.721,0.7,2.3,1.0,1.7,2.6,0.7,0.4,0.0,6.9,.493,.470,143.0,5.5,10.1,7.8,6.5,8.9,1.1,0.2,18.4,-1.0,1.1,106.5,103.3,3.2,129.9,10.6,1
23,"Jito Kok",VAL,35,25.6,2.7,5.7,.480,0.0,0.1,.000,1.4,2.7,.521,1.6,3.0,1.5,3.9,5.5,0.4,0.4,1.5,6.9,.500,.480,100.1,7.6,18.6,13.2,2.7,18.9,1.0,5.9,16.2,-5.2,1.2,93.2,105.9,-12.6,186.8,10.7,4
22,"Quique Garrido",PAL,41,21.7,2.3,6.1,.372,1.5,3.8,.404,0.7,0.9,.778,1.0,2.0,0.2,1.3,1.5,2.0,0.6,0.0,6.8,.521,.498,155.4,1.1,7.6,4.3,15.9,13.4,1.6,0.0,17.3,1.6,1.1,105.6,110.3,-4.8,152.2,10.4,0
16,"Juan Cabot",KRC,33,19.5,2.8,6.5,.428,0.8,2.8,.293,0.3,0.6,.500,0.8,1.4,0.7,1.7,2.4,1.0,0.8,0.5,6.7,.494,.491,122.1,4.3,11.9,7.9,9.0,10.4,2.3,2.4,18.4,-0.7,1.0,104.7,109.9,-5.2,141.8,12.7,2
21,"Carles Marzo",MAG,34,21.1,2.4,6.2,.384,1.3,3.3,.396,0.6,0.9,.710,1.3,1.5,0.4,1.5,1.9,1.9,0.9,0.1,6.7,.505,.488,149.0,2.2,9.3,5.6,17.0,16.4,2.4,0.3,19.0,-0.1,1.1,99.0,109.9,-10.8,135.1,11.0,0
18,"Jubril Adekoya",MAG,33,17.3,2.7,5.4,.503,0.3,0.9,.300,0.9,1.2,.756,0.8,2.0,1.1,2.1,3.2,0.5,0.5,0.0,6.6,.559,.528,155.9,7.6,16.1,11.6,5.7,11.4,1.7,0.2,19.5,-2.5,1.2,110.3,109.1,1.2,132.4,14.9,3
27,"Aitor Zubizarreta",ISB,33,20.8,2.4,6.3,.378,0.7,2.4,.304,1.1,1.6,.673,2.2,1.8,0.6,1.9,2.6,2.5,0.4,0.1,6.6,.468,.435,135.5,3.8,12.3,7.9,22.0,23.4,1.0,0.3,22.4,-2.5,1.0,88.4,114.4,-26.0,104.8,8.1,1
25,"Jesse Chuku",LBC,39,18.9,2.5,5.5,.460,0.6,1.8,.348,0.8,1.2,.696,0.6,1.7,1.3,2.0,3.3,0.4,0.3,0.6,6.5,.540,.516,150.4,8.6,13.3,10.9,4.0,8.6,1.0,3.1,17.1,-1.5,1.2,111.4,109.2,2.2,182.5,13.7,3
12,"Danilo Siqueira",BRE,29,16.6,2.4,4.9,.490,0.4,1.4,.286,1.2,1.4,.810,0.8,2.2,0.7,1.1,1.8,1.0,0.7,0.3,6.4,.576,.531,158.5,5.7,7.8,6.7,9.2,12.9,2.3,1.9,18.2,-0.9,1.3,115.1,105.3,9.8,109.8,14.4,1
22,"Agusti Sans",MAG,34,21.6,2.4,6.2,.393,0.9,2.9,.327,0.5,0.8,.615,1.0,1.3,0.2,0.9,1.2,1.6,1.6,0.1,6.3,.481,.469,133.5,1.3,5.8,3.5,13.5,13.6,4.2,0.3,17.7,0.0,1.0,95.9,107.0,-11.1,128.5,11.1,1
27,"Pablo Perez",MAG,34,20.6,2.2,6.1,.369,0.5,2.0,.250,1.3,1.9,.703,1.1,1.6,0.2,1.6,1.8,1.7,0.5,0.0,6.3,.457,.410,132.2,1.4,10.3,5.6,15.6,14.0,1.4,0.0,19.6,0.2,1.0,93.5,112.0,-18.5,95.0,8.6,0
7,"Jorge Sanz",LBC,34,22.9,2.1,4.8,.427,0.6,2.2,.293,1.3,1.6,.800,1.1,0.9,0.8,2.8,3.6,4.1,0.9,0.0,6.1,.547,.494,152.0,4.3,15.9,10.0,30.3,16.1,2.4,0.1,14.2,7.5,1.3,121.3,108.9,12.5,284.9,16.2,0
10,"Sergi Quintela",BRE,34,17.0,2.1,4.7,.453,0.8,2.2,.347,1.1,1.4,.766,0.7,1.9,0.4,1.3,1.7,1.4,1.1,0.0,6.1,.573,.535,156.5,2.9,9.4,6.3,11.7,11.3,3.7,0.0,16.5,1.3,1.3,118.7,102.9,15.8,145.9,14.8,1
20,"Michael Karena",FOR,27,16.3,2.5,5.0,.504,0.0,0.1,.000,1.0,1.4,.730,1.1,2.2,1.1,1.1,2.2,0.4,0.2,0.0,6.0,.539,.504,123.3,8.7,8.9,8.8,5.2,16.5,0.8,0.0,21.1,-5.2,1.2,102.1,117.1,-15.0,57.4,11.3,4
20,"Joan Faner",CAS,37,19.1,2.2,5.9,.373,1.0,3.4,.298,0.6,0.9,.647,1.6,2.0,0.4,1.4,1.8,2.2,1.6,0.1,6.0,.476,.459,131.9,2.6,8.2,5.4,19.2,20.0,4.7,0.3,19.2,-0.6,1.0,92.1,102.6,-10.5,146.2,11.0,0
13,"Carlos Martinez",KRC,31,18.3,2.4,5.9,.408,0.4,2.1,.197,0.7,1.1,.629,1.0,1.0,1.3,2.2,3.5,1.3,0.7,0.2,6.0,.464,.443,123.3,8.3,16.3,12.0,12.9,13.1,2.2,1.3,19.1,-0.5,1.0,101.7,110.3,-8.6,148.6,13.3,2
15,"Martynas Andriuskevicius",PRA,39,17.6,2.5,4.8,.513,0.0,0.2,.143,0.9,2.2,.435,1.2,1.9,1.8,3.3,5.0,0.4,0.3,0.8,5.9,.512,.516,109.2,12.0,23.6,17.6,4.0,17.3,0.9,4.3,19.9,-5.7,1.2,98.6,96.8,1.9,191.6,14.7,4
25,"Jokubas Gintvainis",MAN,41,18.1,1.9,4.9,.395,0.8,2.6,.287,1.2,1.5,.803,1.4,2.4,0.3,0.8,1.1,2.2,0.6,0.1,5.8,.525,.472,148.5,2.2,5.2,3.7,19.8,20.1,1.7,0.6,18.5,0.5,1.2,103.2,109.8,-6.6,113.1,9.9,0
29,"Hector Manzano",OUR,33,20.5,1.9,5.2,.374,0.5,2.0,.269,1.3,1.6,.796,0.8,2.0,1.0,3.2,4.2,0.8,0.5,0.1,5.7,.485,.427,143.9,6.0,19.3,12.7,6.5,11.8,1.4,0.5,15.8,-1.3,1.1,105.0,108.2,-3.3,140.2,10.7,3
12,"Guillermo Corrales",CAC,29,27.7,2.0,4.9,.404,1.0,2.8,.366,0.7,1.0,.724,2.1,1.3,0.7,2.7,3.4,5.6,2.7,0.0,5.7,.537,.511,149.4,3.0,12.2,7.7,33.7,28.7,5.5,0.0,13.3,5.5,1.2,107.9,105.4,2.4,284.6,15.1,0
14,"Tautvydas Slezas",PAE,32,18.2,2.7,4.5,.586,0.0,0.0,.000,0.3,0.8,.440,1.6,2.5,1.9,3.0,4.9,1.2,0.7,0.2,5.7,.580,.586,102.6,13.7,21.2,17.5,12.8,25.0,2.2,1.3,18.8,-4.6,1.2,104.7,111.1,-6.4,171.4,15.6,4
24,"Chema Garcia",CAS,34,17.7,1.7,4.0,.431,0.6,1.6,.345,1.6,1.9,.841,1.6,1.8,0.2,1.4,1.6,2.6,0.5,0.0,5.6,.577,.500,161.7,1.1,8.8,5.0,23.8,24.7,1.5,0.0,17.0,0.7,1.4,104.3,109.5,-5.2,124.9,10.7,1
26,"Pol Oliver",CAC,27,17.0,1.9,4.5,.418,1.1,2.1,.518,0.4,0.7,.611,1.2,1.9,0.2,0.8,1.0,1.3,0.6,0.1,5.3,.546,.537,154.7,1.4,5.8,3.6,13.8,19.8,2.1,0.5,17.8,-1.9,1.2,97.6,115.4,-17.8,60.5,8.8,0
24,"Alex Reyes",VAL,36,17.3,1.7,4.1,.422,0.8,2.4,.349,0.9,1.3,.717,0.9,1.7,0.4,2.0,2.5,0.7,0.4,0.1,5.2,.559,.524,148.8,3.3,14.5,8.9,6.6,16.1,1.3,0.5,15.8,-2.6,1.3,105.9,110.1,-4.1,108.8,10.2,2
19,"Rowell Graham",VAL,37,16.3,1.9,4.3,.449,0.1,0.5,.278,1.2,1.9,.638,1.0,2.3,1.3,2.1,3.4,0.5,0.5,0.3,5.2,.507,.465,136.5,10.4,15.8,13.1,5.6,16.4,1.6,1.8,18.5,-4.1,1.2,101.2,108.7,-7.5,121.4,12.0,2
30,"Kregor Hermet",FOR,32,16.8,2.2,4.7,.460,0.5,1.5,.362,0.3,0.3,.818,1.0,2.4,0.7,2.2,3.0,0.6,0.3,0.1,5.1,.530,.517,164.0,5.6,17.4,11.5,6.3,17.6,1.2,0.6,17.8,-3.9,1.1,98.1,112.5,-14.3,86.4,9.7,3
26,"Filip Djuran",MEL,47,16.4,1.9,5.2,.358,1.0,3.6,.286,0.3,0.5,.727,0.4,1.7,0.2,1.4,1.6,1.1,0.4,0.0,5.1,.471,.457,137.1,1.8,9.4,5.9,11.3,7.7,1.4,0.1,18.2,1.6,1.0,101.7,107.8,-6.1,116.0,9.3,2
16,"Volodymyr Orlov",OUR,14,16.9,2.2,4.1,.534,0.0,0.0,.000,0.6,0.8,.727,1.0,1.9,1.8,2.9,4.6,0.4,0.2,0.7,5.0,.557,.534,126.2,13.1,20.9,17.0,3.8,18.2,0.7,4.3,15.9,-4.5,1.2,107.0,111.8,-4.8,67.9,14.2,4
17,"Dartaye Ruffin",PAL,40,17.5,2.1,4.0,.534,0.0,0.0,.000,0.7,1.4,.481,0.9,3.4,1.9,3.0,4.8,0.6,0.8,0.2,5.0,.536,.534,101.6,12.6,21.1,16.8,5.9,16.7,2.8,1.1,15.9,-3.1,1.2,106.8,101.5,5.3,179.8,14.2,4
22,"Terrence Bieshaar",KRC,33,17.3,1.7,4.4,.386,0.5,1.9,.270,1.0,1.3,.786,1.0,2.1,1.4,1.5,2.8,0.5,0.6,0.5,4.9,.495,.445,144.2,9.4,11.9,10.5,5.3,16.8,1.9,3.1,16.3,-3.6,1.1,101.6,110.7,-9.1,106.2,10.8,4
22,"Javier Lucas",MEL,48,16.6,1.9,3.8,.495,0.4,1.3,.270,0.4,0.6,.548,0.7,0.7,1.0,3.2,4.3,0.6,0.3,0.6,4.5,.547,.541,131.3,8.0,22.1,15.5,6.6,14.1,1.1,3.4,14.7,-1.5,1.2,108.4,101.3,7.2,255.4,14.3,3
21,"Marlon Johnson",PRA,41,15.8,1.8,4.2,.424,0.5,1.8,.280,0.3,0.5,.524,0.9,1.3,0.8,2.6,3.4,0.6,0.3,0.5,4.3,.491,.485,122.8,5.8,21.3,13.3,7.3,16.6,1.1,2.9,16.9,-3.0,1.0,96.7,98.6,-1.9,148.1,11.2,4
19,"Marcos Portalez",ISB,33,15.9,1.6,3.1,.505,0.0,0.0,1.000,0.9,1.3,.674,0.6,0.7,1.4,2.0,3.4,0.2,0.5,0.1,4.1,.550,.510,217.9,10.9,16.7,13.7,2.5,14.1,1.7,0.6,13.7,-3.0,1.3,110.9,111.2,-0.3,130.1,12.9,4
31,"Gerbert Marti",PRA,39,16.1,1.3,3.7,.354,0.8,2.5,.313,0.3,0.5,.524,0.5,1.5,0.6,2.2,2.7,0.7,0.2,0.5,3.7,.470,.462,119.1,4.3,17.0,10.5,7.7,11.5,0.9,3.0,13.9,-0.2,1.0,102.1,100.3,1.8,120.6,9.5,3
24,"Joaquin Portugues",PRA,35,15.7,1.2,3.0,.406,0.9,2.3,.390,0.3,0.5,.500,0.5,1.0,0.2,0.5,0.7,1.5,0.4,0.0,3.6,.557,.557,129.6,1.5,4.3,2.9,16.0,13.0,1.6,0.2,12.0,3.2,1.2,117.4,105.0,12.4,94.5,10.1,0
28,"Leo Cizmic",ARAB,34,15.4,1.4,3.3,.411,0.4,1.3,.273,0.5,0.6,.842,0.7,2.0,0.7,1.9,2.6,0.3,0.2,0.2,3.5,.499,.464,152.6,5.6,15.0,10.2,2.5,16.0,0.8,1.5,12.6,-3.1,1.1,99.7,117.6,-17.8,68.1,7.1,2
29,"Angel Hernandez",LBC,39,17.7,1.2,3.9,.311,0.7,2.3,.286,0.4,0.6,.708,0.9,1.6,0.3,1.6,1.9,1.5,0.7,0.0,3.5,.424,.397,130.5,2.1,11.5,6.7,14.1,18.6,2.1,0.0,14.1,0.3,0.9,87.5,109.1,-21.6,91.0,6.2,1
28,"Juan Pablo Sutina",FOR,34,15.9,1.1,2.9,.380,0.6,2.0,.299,0.5,0.6,.800,0.6,1.2,0.4,1.5,1.9,0.8,0.4,0.0,3.3,.515,.480,147.9,3.4,12.2,7.8,8.1,14.9,1.3,0.0,12.1,-0.2,1.1,105.1,115.3,-10.2,80.5,8.0,1
23,"Iker Salazar",ISB,30,15.5,0.9,2.2,.431,0.1,0.6,.222,0.3,0.6,.474,0.5,1.5,1.1,3.2,4.3,0.8,0.5,0.2,2.3,.470,.462,112.7,8.5,26.9,17.3,9.2,16.0,1.7,1.3,9.4,0.6,1.1,106.2,108.5,-2.3,125.9,10.8,2
